{
  "experiment": "random",
  "episodes": 50,
  "final_precision": 0.04852003783969729,
  "final_precision_std": 0.04453037356589203,
  "final_recall": 0.14192857142857143,
  "final_recall_std": 0.14330807600594628,
  "final_f1": 0.07231745805555566,
  "efficiency_score": 0.13911764705882354,
  "faithfulness_score": 1.0,
  "reward_history": [
    -0.8000000000000002,
    -3.2000000000000015,
    -3.3000000000000007,
    -5.199999999999999,
    -0.7000000000000001,
    -3.200000000000001,
    -2.9,
    -6.0,
    -6.0,
    -0.800000000000001,
    -3.400000000000001,
    -5.9999999999999964,
    -5.799999999999997,
    -6.0,
    -6.0,
    -3.4000000000000012,
    -3.4000000000000012,
    -0.8000000000000003,
    -5.8,
    -3.400000000000001,
    -3.400000000000001,
    -3.4000000000000012,
    1.799999999999999,
    -5.199999999999999,
    -6.0,
    -5.7,
    -5.799999999999997,
    -6.0,
    -0.8,
    -5.599999999999999,
    -3.4000000000000017,
    -3.3999999999999986,
    -0.8000000000000004,
    -3.200000000000001,
    -6.000000000000002,
    -5.999999999999999,
    -3.2000000000000015,
    -3.4000000000000012,
    -3.4000000000000012,
    -3.4000000000000017,
    -3.4000000000000004,
    -3.300000000000001,
    -0.7000000000000004,
    -3.000000000000001,
    -5.8999999999999995,
    -3.4000000000000004,
    -0.8000000000000002,
    -3.1000000000000005,
    4.4,
    -0.8000000000000005
  ],
  "pairs_compared_history": [
    20,
    18,
    19,
    12,
    19,
    18,
    15,
    20,
    20,
    20,
    20,
    20,
    18,
    20,
    20,
    20,
    20,
    20,
    18,
    20,
    20,
    20,
    20,
    12,
    20,
    17,
    18,
    20,
    20,
    16,
    20,
    20,
    20,
    18,
    20,
    20,
    18,
    20,
    20,
    20,
    20,
    19,
    19,
    16,
    19,
    20,
    20,
    17,
    20,
    20
  ],
  "precision_history": [
    0.1,
    0.05555555555555555,
    0.05263157894736842,
    0.0,
    0.10526315789473684,
    0.05555555555555555,
    0.06666666666666667,
    0.0,
    0.0,
    0.1,
    0.05,
    0.0,
    0.0,
    0.0,
    0.0,
    0.05,
    0.05,
    0.1,
    0.0,
    0.05,
    0.05,
    0.05,
    0.15,
    0.0,
    0.0,
    0.0,
    0.0,
    0.0,
    0.1,
    0.0,
    0.05,
    0.05,
    0.1,
    0.05555555555555555,
    0.0,
    0.0,
    0.05555555555555555,
    0.05,
    0.05,
    0.05,
    0.05,
    0.05263157894736842,
    0.10526315789473684,
    0.0625,
    0.0,
    0.05,
    0.1,
    0.058823529411764705,
    0.2,
    0.1
  ],
  "recall_history": [
    0.25,
    0.125,
    0.125,
    0.0,
    0.25,
    0.125,
    0.125,
    0.0,
    0.0,
    0.25,
    0.2,
    0.0,
    0.0,
    0.0,
    0.0,
    0.16666666666666666,
    0.14285714285714285,
    0.5,
    0.0,
    0.125,
    0.125,
    0.14285714285714285,
    0.375,
    0.0,
    0.0,
    0.0,
    0.0,
    0.0,
    0.2857142857142857,
    0.0,
    0.125,
    0.125,
    0.3333333333333333,
    0.125,
    0.0,
    0.0,
    0.125,
    0.2,
    0.16666666666666666,
    0.125,
    0.16666666666666666,
    0.125,
    0.25,
    0.125,
    0.0,
    0.3333333333333333,
    0.3333333333333333,
    0.125,
    0.6666666666666666,
    0.3333333333333333
  ]
}